{
    "name": "triggereventhubproducer",
    "properties": {
        "annotations": [],
        "runtimeState": "Stopped",
        "pipeline": {
            "pipelineReference": {
                "referenceName": "EventHubProducer",
                "type": "PipelineReference"
            }
        },
        "type": "TumblingWindowTrigger",
        "typeProperties": {
            "frequency": "Minute",
            "interval": 5,
            "startTime": "2023-09-05T16:45:00Z",
            "delay": "00:00:00",
            "maxConcurrency": 50,
            "retryPolicy": {
                "intervalInSeconds": 30
            },
            "dependsOn": []
        }
    }
}