{
    "now": "2023-09-08T12:13:44.184Z",
    "perfNow": 391644,
    "diagnosticCorrelation": "7dc37c07-ac42-4741-9645-c9662904efa9",
    "source": "DownloadSupportFiles",
    "environment": {
        "productName": "adf",
        "buildVersion": "1.0.090423.6",
        "environmentType": 3,
        "resourceName": "dev-adf-az01",
        "resourceRegion": "eastus",
        "resourceGroup": "r-group01",
        "subscriptionId": "29b66b42-224c-49e8-8c9f-ab0ad23fe7cf",
        "sessionId": "vitdbKHCDxvzHdjjNSMw9Q",
        "operationId": "",
        "gitType": "live",
        "loggingKey": "d5ec7cb4-30be-4035-8785-e8ce5a92f710"
    },
    "additionalInfo": {
        "selectedResource": "EventHubProducer",
        "selectedResourceType": "pipeline"
    }
}