{
    "name": "EventHubProducer",
    "properties": {
        "activities": [
            {
                "name": "EventHubProducer",
                "type": "DatabricksNotebook",
                "dependsOn": [],
                "policy": {
                    "timeout": "0.12:00:00",
                    "retry": 0,
                    "retryIntervalInSeconds": 30,
                    "secureOutput": false,
                    "secureInput": false
                },
                "userProperties": [],
                "typeProperties": {
                    "notebookPath": "/Users/az_project_2023@outlook.com/Nancy_Folder/eventHubProducer"
                },
                "linkedServiceName": {
                    "referenceName": "LsAzureDatabricks1",
                    "type": "LinkedServiceReference"
                }
            }
        ],
        "annotations": [],
        "lastPublishTime": "2023-09-01T10:16:29Z"
    },
    "type": "Microsoft.DataFactory/factories/pipelines"
}