{
    "name": "triggerforecast",
    "properties": {
        "annotations": [],
        "runtimeState": "Stopped",
        "pipelines": [
            {
                "pipelineReference": {
                    "referenceName": "ForecastWeatherDataLoad",
                    "type": "PipelineReference"
                }
            }
        ],
        "type": "ScheduleTrigger",
        "typeProperties": {
            "recurrence": {
                "frequency": "Hour",
                "interval": 1,
                "startTime": "2023-09-05T21:00:00",
                "timeZone": "India Standard Time"
            }
        }
    }
}